method,pearson_ic,rank_ic,icir,annual_ls,max_dd
ICIR_IS_NOLEAK,0.016195865365000173,0.052966917488532626,1.4684040738547535,0.6236146,0.12905043
ICIR_OOS_NOLEAK,0.022805900630446532,0.05046440788019732,1.4838657291908335,0.83317626,0.052150965
LGB_IS_NOLEAK,0.046514569663464074,0.04418112723570814,1.2863445541984855,1.672453,0.045449853
LGB_OOS_NOLEAK,0.057367344542563765,0.05444274710880116,1.2539809058100286,1.3211114,0.056306183
