,X2_4_5,X2_2_6,A_N4_count_hhi,A_N5_log_avg_ticket,A_G2_1_intraday_ret5d,A_F_COMBO_1_opening_confirm,A_F1_2_last30_mom,A_F6_2_amihud_min
X2_4_5,1.0,0.4927477527899397,0.49216513296490993,0.3725260485453017,0.2645209154868782,0.09765257653503008,0.11862451437195498,-0.008479569218819682
X2_2_6,0.4927477527899397,1.0,0.34545660258359645,0.07251251241957263,0.34314650848841877,0.13284370370879864,0.31393610095554936,-0.05608310005299829
A_N4_count_hhi,0.49216513296490993,0.34545660258359645,1.0,-0.034812628299056875,0.1654054784137692,0.0007616425215618349,-0.005564334945773944,-0.4079758256009651
A_N5_log_avg_ticket,0.3725260485453017,0.07251251241957263,-0.034812628299056875,1.0,0.26614288065007896,0.04551208142049535,0.0024353561316458666,0.40008835916385926
A_G2_1_intraday_ret5d,0.2645209154868782,0.34314650848841877,0.1654054784137692,0.26614288065007896,1.0,0.06587332879522435,0.03210336065123482,0.17003357823529613
A_F_COMBO_1_opening_confirm,0.09765257653503008,0.13284370370879864,0.0007616425215618349,0.04551208142049535,0.06587332879522435,1.0,0.3025288034278136,0.028939941191386074
A_F1_2_last30_mom,0.11862451437195498,0.31393610095554936,-0.005564334945773944,0.0024353561316458666,0.03210336065123482,0.3025288034278136,1.0,0.00051351428653104
A_F6_2_amihud_min,-0.008479569218819682,-0.05608310005299829,-0.4079758256009651,0.40008835916385926,0.17003357823529613,0.028939941191386074,0.00051351428653104,1.0
